{
"lengthUnit": "mil",
"components": {
	"fields": ["COMPONENT_NO", "COMPONENT_NAME", "LAYER", "X_COORDINATE", "Y_COORDINATE", "ANGLE"],
	"rows": [
		[1, "USB1", "T", 4251.97, -736.22, 180]
	]
},
"pins": {
	"fields": ["PIN_NO", "PIN_NAME", "PIN_X", "PIN_Y", "LAYER", "PIN_TYPE", "NET_NAME", "NET_TYPE", "PAD_SHAPE", "PAD_SIZEX", "PAD_SIZEY", "HOLE_SIZE", "PAD_ANGLE"],
	"rows": [
		[1, "USB1_7", 4081.9, -656.5, "T", "DIP", "USB1_7", "", "O", 43.31, 74.8, 59.06, 180],
		[2, "USB1_7", 4081.9, -656.5, "B", "DIP", "USB1_7", "", "O", 43.31, 74.8, 59.06, 180],
		[3, "USB1_7", 4422.05, -656.5, "T", "DIP", "USB1_A_7", "", "O", 43.31, 74.8, 59.06, 180],
		[4, "USB1_7", 4422.05, -656.5, "B", "DIP", "USB1_A_7", "", "O", 43.31, 74.8, 59.06, 180],
		[5, "USB1_7", 4081.9, -806.11, "T", "DIP", "USB1_B_7", "", "O", 43.31, 74.8, 59.06, 180],
		[6, "USB1_7", 4081.9, -806.11, "B", "DIP", "USB1_B_7", "", "O", 43.31, 74.8, 59.06, 180],
		[7, "USB1_7", 4422.05, -806.11, "T", "DIP", "USB1_C_7", "", "O", 43.31, 74.8, 59.06, 180],
		[8, "USB1_7", 4422.05, -806.11, "B", "DIP", "USB1_C_7", "", "O", 43.31, 74.8, 59.06, 180],
		[9, "USB1_CC1", 4271.66, -815.95, "T", "SMD", "USB1_CC1", "", "R", 27.56, 47.24, 0, 180],
		[10, "USB1_CC2", 4232.29, -815.95, "T", "SMD", "USB1_CC2", "", "R", 27.56, 47.24, 0, 180],
		[11, "USB1_GND", 4358.27, -815.95, "T", "SMD", "USB1_GND", "", "R", 31.5, 47.24, 0, 180],
		[12, "USB1_GND", 4145.68, -815.95, "T", "SMD", "USB1_A_GND", "", "R", 31.5, 47.24, 0, 180],
		[13, "USB1_VCC", 4311.03, -815.95, "T", "SMD", "USB1_VCC", "", "R", 27.56, 47.24, 0, 180],
		[14, "USB1_VCC", 4192.92, -815.95, "T", "SMD", "USB1_A_VCC", "", "R", 27.56, 47.24, 0, 180]
	]
}
}